KIR2DL1,KIR2DL2,KIR2DL3,KIR2DL4,KIR2DL5A,KIR2DL5B,KIR3DL1,KIR3DL2,KIR3DL3,KIR2DS1,KIR2DS2,KIR2DS3,KIR2DS4,KIR2DS5,KIR3DS1
IIIIIIIII,IIIIIIII,IIIIIIII,IIIISII,IIIIIII,IIIIIII,IIIIISIII,IIISIIIII,IIIIIII,IIIIIIII,IIIIIIISI,IIIIIIII,IIIIIIII,IIIIIIII,IISIIIII
IIIIISIII,IIIIIIII,IIIIIIII,IISISII,IIIIIII,,IISIIIIII,IIIIIIIII,IIIIIII,IIIIIIII,IIIIIIIIS,IIIIIIII,IIIISISS,IIIIIIII,IIIIIIII
IIIISSIII,IIIIIIII,IIIIIIII,IIISSII,IIIIIII,,IIIIIIIII,IIISIIIII,IIIIIII,IIIIIIII,IIIIIIIII,IIIIIIII,IIIIIIII,IIIIIIII,ISSIIIII
IIIIIIIII,IIIISIII,IIIIIIII,IIIIIIS,IIIIIII,,IIIIIIIII,IIIIIIIII,IIIIIII,IIIIIIII,IIIIIIIII,IIIIIIII,IIIIIIII,IIIIIIII,IISIIIII
IIIIISIII,IISIIIII,IIIIIIII,IIIIIII,IIIIIII,,IIIIIIIII,IIIIISIII,IIIIIII,IIIIIIII,SIIIIISII,IIIIIIII,IIIIIIII,IIIIIIII,IIIIIIII
IIIIIIIII,,IIIIIIII,IISSSII,IIIIIII,,IIIIIIIII,IIIIIIIII,IIIIIII,IIIIIIII,SIIISIIII,IIIIIIII,IIIIIIII,IIIIIIII,ISSIIIII
IIIIIIIII,,IIIIIIII,IIISIII,IIIIIII,,IIIIIIIII,IIIIISIII,IIIIIII,IIIIIIII,ISIIIIIII,IIIIIIII,IIIIIIII,IIIIIIII,IIIIIIII
IIIIIIIII,,IIIIIIII,IIIIIII,IIIIIII,,IIISIIIII,IIIIIIIII,IIIIIII,IISIIIII,SIIIIIIII,IIIIIIII,IIIIIIII,IIIIIIII,
IIIIIIIII,,IIIIIIII,IIIIIII,IIIIIII,,IIIIIIIII,IIIIISIII,IIIIIII,IISIIIII,SIIISIIII,IIIIIIII,IIIIIIII,,
IIISIIIII,,IIIIIIII,IIIISII,IIIIIII,,IIISIIIII,IIIIIIIII,IIIIIII,,SIIIIIIII,,IIIISISS,,
IIIIIIIII,,IIIIIIII,IISIIII,IIIIIII,,IIIIISIII,IIISIIIII,IIIIIII,,ISIIIIIII,,IIIIIIII,,
IIIIIIIII,,IIIIIIII,IIIIIII,,,IIIIIIIII,IIIIIIIII,IIIIIII,,SIIIIIIII,,IIIISISS,,
IIIIIIIII,,IIIIIIII,IISIIII,,,IIIIISIII,IIISIIIII,IIIIIII,,IIIIIIIII,,IIIIIIII,,
IIIIIIIII,,IIIIIIII,IIIIIII,,,IIIIIIIII,IIIIIIIII,IIIIIII,,IIIIIIIII,,IIIISISS,,
IIIIISIII,,IIIIIIII,IIIIIII,,,IIISIIIII,IIISIIIII,IIIIIII,,IIIIIIIII,,IIIIIIII,,
IIIIIIIII,,IIIIIIII,IIIIIII,,,IIIIIIIII,IIIIIIIII,IIIIIII,,IIIIIIIII,,IIIIIIII,,
IISIIIIII,,IIIIIIII,IISIIII,,,IIISIIIII,IIISIIIII,IIIIIII,,IIIIIIIII,,IIIISISS,,
IIIIIIIII,,IIIIIIII,IIIIIII,,,IIIIIIIII,IIIIIIIII,IIIIIII,,IIIIIISII,,IIIISISS,,
IIIIIIIII,,IIIIIIII,IIIIIII,,,IIIIISIII,IIISIIIII,IIIIIII,,IIIIIIIII,,IIIISIII,,
IIISIIIII,,IIIIIIII,IIIIIII,,,IIIIIIIII,IIIIIIIII,IIIIIII,,IIISIIIII,,IIIISIII,,
IIIIIIIII,,IIIIIIII,IISIIII,,,IISIIIIII,IIISIIIII,IIIIIII,,,,IIIIIIII,,
IIIIIIIII,,IIIIIIII,IIIIIII,,,IISIIIIII,IIIIIIIII,IIIIIII,,,,IIIIIIII,,
IIIIISIII,,IIIIIIII,IIISSII,,,IIIIISIII,IIIIISIII,IIIIIII,,,,IIIISISS,,
IIIIIIIII,,IIIIIIII,IIIISII,,,IIIIIIIII,IIIIIIIII,IIIIIII,,,,IIIISIII,,
IIIIISIII,,IIIIIIII,IIIIIII,,,IISIIIIII,IIIIISIII,IIIIIII,,,,IIIISISS,,
IIIIIIIII,,IIIIIIII,IIIIIII,,,IIIIISIII,IIIIIIIII,IIIIIII,,,,IIIISIII,,
IIIIISIII,,IIIIIIII,IISSSII,,,IIIIIIIII,IIISIIIII,IIIIIII,,,,IIIISISS,,
IIIIISIII,,IIIIIIII,IIIIIII,,,IIIIIIIII,IIIIIIIII,IIIIIII,,,,IIIIIIII,,
IIIIIIIII,,IIIIIIII,IIIIIII,,,IISIIIIII,IIISIIIII,IIIIIII,,,,IIIIIIII,,
IIIIISIII,,IIIIIIII,IISIIII,,,IIIIISIII,IIIIIIIII,IIIIIII,,,,IIIIIIII,,
IIIIIIIII,,,IIIIIII,,,IIIIIIIII,IIIIISIII,IIIIIII,,,,IIIISIII,,
IIIIIIIII,,,IIIIIII,,,IISIIIIII,IIIIIIIII,IIIIIII,,,,IIIISISS,,
IIIIISIII,,,IIIIIII,,,IIIIISIII,IIISIIIII,IIIIIII,,,,IIIISIII,,
IIIIIIIII,,,IIIIIII,,,IIIIIIIII,IIIIIIIII,IIIIIII,,,,IIIISISS,,
IIIIIIIII,,,IISIIII,,,IIIIISIII,IIIIISIII,IIIIIII,,,,IIIISISS,,
IIISIIIII,,,IIIIIII,,,IISIIIIII,IIIIIIIII,IIIIIII,,,,IIIIIIII,,
IIIIIIIII,,,IIIIIII,,,IIIIIIIII,IIIIISIII,IIIIIII,,,,IIIISISS,,
IIIIIIIII,,,IIIIIII,,,IISIIIIII,IIIIIIIII,IIIIIII,,,,IIIIIIII,,
IISIIIIII,,,IISIIII,,,IIIIISIII,IIIIISIII,IIIIIII,,,,IIIIIIII,,
IIIIIIIII,,,IIIIIII,,,IIIIISIII,IIIIIIIII,IIIIIII,,,,IIIIIIII,,
IIIIIIIII,,,IIIIIII,,,IISIIIIII,IIIIISIII,,,,,IIIIIIII,,
IIISIIIII,,,IIIIIII,,,IIIIIIIII,IIIIIIIII,,,,,IIIIIIII,,
IIIIIIIII,,,IISISII,,,IIIIIIIII,IIIIISIII,,,,,IIIIIIII,,
IIIIIIIII,,,IISSSII,,,IIISIIIII,IIIIIIIII,,,,,IIIIIIII,,
IIIIIIIII,,,IIISSII,,,IIIIIIIII,IIISIIIII,,,,,IIIIIIII,,
IIIIISIII,,,IIIIIII,,,IIISIIIII,IIIIIIIII,,,,,IIIIIIII,,
IIIIISIII,,,IIIISII,,,IIIIIIIII,IIISIIIII,,,,,IIIIIIII,,
IIIIIIIII,,,IIISSII,,,IIISIIIII,IIIIIIIII,,,,,IIIIIIII,,
,,,IISSSII,,,IIIIIIIII,IIIIISIII,,,,,IIIIIIII,,
,,,IIIIIII,,,IIISIIIII,IIIIIIIII,,,,,IIIISISS,,
,,,IIIISII,,,IIIIIIIII,IIISIIIII,,,,,IIIIIIII,,
,,,IISISII,,,IIIIIIIII,IIIIIIIII,,,,,,,
,,,IIIIIII,,,IIIIIIIII,IIIIISIII,,,,,,,
,,,IIISIII,,,IIIIIIIII,IIIIIIIII,,,,,,,
,,,IIISIII,,,IIIIIIIII,IIISIIIII,,,,,,,
,,,IIISSII,,,IIIIISIII,IIIIIIIII,,,,,,,
,,,IISISII,,,IISIIIIII,IIIIISIII,,,,,,,
,,,IISISII,,,IIIIIIIII,IIIIIIIII,,,,,,,
,,,IIISSII,,,IIIIISIII,IIIIISIII,,,,,,,
,,,IIIIIII,,,IISIIIIII,IIIIIIIII,,,,,,,
,,,IIIISII,,,IIIIIIIII,IIISIIIII,,,,,,,
,,,IIIIIII,,,IIIIISIII,IIIIIIIII,,,,,,,
,,,IIIISII,,,IISIIIIII,IIIIISIII,,,,,,,
,,,IIIIIII,,,IIIIIIIII,IIIIIIIII,,,,,,,
,,,IIISSII,,,IIIIISIII,IIIIIISII,,,,,,,
,,,IIIISII,,,,IIISIIIII,,,,,,,
,,,IISSSII,,,,IIIIIIIII,,,,,,,
,,,IIIIIII,,,,,,,,,,,
,,,IIIIIII,,,,,,,,,,,
,,,IISISII,,,,,,,,,,,
,,,IIISIII,,,,,,,,,,,
,,,IIISSII,,,,,,,,,,,
,,,IISISII,,,,,,,,,,,
,,,IIISIII,,,,,,,,,,,
,,,IISISII,,,,,,,,,,,
,,,IIISSII,,,,,,,,,,,
,,,IIIIIII,,,,,,,,,,,
,,,IIIIIII,,,,,,,,,,,
,,,IIIISII,,,,,,,,,,,
,,,IIIISII,,,,,,,,,,,
,,,IIISIII,,,,,,,,,,,
,,,IIISSII,,,,,,,,,,,
,,,IISISII,,,,,,,,,,,
,,,IISISII,,,,,,,,,,,
,,,IIISIII,,,,,,,,,,,
,,,IIISSII,,,,,,,,,,,
,,,IIIIIII,,,,,,,,,,,
,,,IIIIIII,,,,,,,,,,,
,,,IIISSII,,,,,,,,,,,
,,,IISSSII,,,,,,,,,,,
,,,IISISII,,,,,,,,,,,
,,,IIIIIII,,,,,,,,,,,
,,,IIIIIII,,,,,,,,,,,
,,,IIIIIII,,,,,,,,,,,
,,,IIIISII,,,,,,,,,,,
,,,IIISIII,,,,,,,,,,,
,,,IIISSII,,,,,,,,,,,
,,,IISISII,,,,,,,,,,,
,,,IISISII,,,,,,,,,,,
,,,IIISSII,,,,,,,,,,,
,,,IIISIII,,,,,,,,,,,
,,,IIIIIII,,,,,,,,,,,
,,,IIIIIII,,,,,,,,,,,
,,,IIIISII,,,,,,,,,,,
,,,IIIISII,,,,,,,,,,,
